{
  "aktual": {
    "total_kwh": 280.8612,
    "mean_kwh": 1.404306
  },
  "manual_fis": {
    "total_kwh": 247.75047759528331,
    "mean_kwh": 1.2387523879764166,
    "mae_kwh": 0.5980140710985836
  },
  "ga_tuned_fis": {
    "total_kwh": 253.07283514922307,
    "mean_kwh": 1.2653641757461154,
    "mae_kwh": 0.36210545279655304
  },
  "anfis": {
    "total_kwh": 306.5958476485467,
    "mean_kwh": 1.5329792382427334,
    "mae_kwh": 0.2108153982650893
  }
}