{
  "delta_T": {
    "sangat_dingin": [
      -10,
      -10,
      -7,
      -4
    ],
    "dingin": [
      -6,
      -4,
      -2,
      0
    ],
    "nyaman": [
      -2,
      0,
      0,
      2
    ],
    "panas": [
      2.0607076150820154,
      2.804399546249461,
      4.071254429155025,
      5.054377767421822
    ],
    "sangat_panas": [
      5.068667287046511,
      6.569911920203555,
      9.064819209744865,
      20.41266461145519
    ]
  },
  "kelembaban": {
    "rendah": [
      30,
      30,
      45,
      55
    ],
    "sedang": [
      33.57444815164436,
      50.72945392659532,
      68.25225535172883,
      84.4404111452
    ],
    "tinggi": [
      65.80998974680281,
      71.72363392661892,
      83.7788147463053,
      89.39156832656683
    ]
  },
  "kecepatan": {
    "off": 0.0,
    "rendah": 25.0,
    "sedang": 50.0,
    "tinggi": 75.0,
    "max": 100.0
  }
}