{
  "Manual FIS": {
    "MSE": 840.9970900287444,
    "RMSE": 28.9999498280384,
    "MAE": 16.397083603741045,
    "R2": 0.5347123994533076
  },
  "GA-Tuned FIS": {
    "MSE": 327.411900878795,
    "RMSE": 18.09452682108032,
    "MAE": 9.652966544121798,
    "R2": 0.8188570453375539
  },
  "ANFIS": {
    "MSE": 86.12664846421863,
    "RMSE": 9.280444410922282,
    "MAE": 5.724970753649348,
    "R2": 0.952349821322598
  }
}